Product Name,SKU,Advertiser
Lightweight Steel Table,dce11340-25ba-4665-b200-e48e0d06fcc5,Motorola
Synergistic Granite Plate,eb8205b4-5d2d-4db7-8ddc-19471d4c21a6,Coca Cola
Heavy Duty Wool Knife,b2ea7b55-36cf-46d2-b421-67e8d43a9718,Nike
Ergonomic Paper Keyboard,4ef27946-646a-4956-8f83-0d6325776202,Lenovo
Small Aluminum Car,755fd921-0f1a-4fab-ad14-82f90248f2ff,Nike
Fantastic Bronze Car,3eca63ad-b913-4af4-88a4-eb53a21cf011,Motorola
Heavy Duty Linen Bench,da2d41f2-5de4-465f-83d5-e4bd4827aff7,Motorola
Ergonomic Iron Bag,892c184a-bb35-46d1-897d-a2379a6d60fe,Nike
Awesome Copper Shoes,5b73c533-ce37-4976-8034-5d29e755d28b,Best Buy
Durable Cotton Plate,25a9b54b-78c1-479e-a829-90fdbf6c7f91,Apple
Aerodynamic Steel Clock,94e6e9cb-b6e0-423b-a7d1-81ced73e4974,Holmes
Sleek Silk Lamp,1ef18f16-ac86-4469-9d38-fafab548456c,Staples
Lightweight Wool Computer,95efb862-2bf1-4fde-856d-ed779bb3e72e,Best Buy
Lightweight Iron Plate,f03bc63e-af77-4d54-98a0-3a3b69eccdbd,Holmes
Small Wool Clock,818685cb-e2e7-4a54-9a5c-8cf00500aa08,Nike
Lightweight Silk Table,fe97c053-d27e-490d-8309-0c16ac49c9f9,Acer
Heavy Duty Rubber Bench,5c05f479-19d5-405b-a3b9-02b8959cddfd,Best Buy
Synergistic Rubber Lamp,7bcc8678-42ff-4a1b-b242-e7002c72c717,Acer
Practical Aluminum Lamp,e6b89771-2ae4-45b3-a8eb-b4f5db7ede42,Holmes
Intelligent Wool Keyboard,9310ab3e-1838-4d31-9285-bdf8e17f1b25,Logitech
Sleek Iron Bench,fc98634e-0502-4508-af17-b20da8abc3dd,Nike
Durable Cotton Gloves,094d46fc-88e2-4cba-96bb-1e978047b425,Staples
Rustic Aluminum Bottle,5b2914fd-3c55-419e-b573-b720cb2b7e53,Logitech
Awesome Rubber Bag,283c907b-170c-42f3-9d3d-8605ecaae830,Motorola
Practical Copper Shoes,73b9ed0c-0012-442b-836c-1959069fccb0,Staples
Heavy Duty Linen Watch,288cefd6-037f-4873-b186-5d9155cfaf99,Logitech
Mediocre Silk Bottle,876507c4-5d58-4305-9e87-6e0ea95ec73e,Apple
Mediocre Leather Table,f878fb55-57e0-424a-8685-795855532d7e,Best Buy
Fantastic Leather Knife,c6d74f27-1123-4c93-a91f-f9a3c3c1701d,Holmes
Synergistic Granite Car,066dcd99-3f24-46bc-84e5-c2a0d0ca673b,Logitech
Ergonomic Concrete Computer,38f2af06-9381-486e-9d19-f54d8d5e8efb,Best Buy
Awesome Wool Hat,e2923f55-894c-4d62-9cb3-08455b4a4a25,Acer
Gorgeous Concrete Lamp,01890f69-3a19-477d-8c8f-3a64cb6bd5a1,Nike
Incredible Granite Chair,d5967881-d9c4-4b42-8b74-441c85c90bf7,Acer
Fantastic Linen Bench,2bc3a43d-0e47-427b-b6ff-57ed9a3fb4e9,Staples
Awesome Copper Shirt,7003a8f1-da55-4a0d-a4dd-f3ee97f5aea6,Staples
Synergistic Paper Gloves,03c5a671-44a6-400f-99f0-fffd9c7bb344,Nike
Mediocre Concrete Watch,cade4736-1d30-4065-8b2a-ef360ad840a6,Acer
Incredible Leather Knife,1fdc59e4-644b-4f70-81ff-3557d2edca3a,Staples
Intelligent Silk Knife,374ff449-1de2-466f-abbb-6791e8ec841d,Coca Cola
Synergistic Plastic Lamp,a20b7e8e-36d1-4e27-9a87-ba1dde795491,Staples
Lightweight Silk Chair,0d15a076-29f7-45ea-a6b9-f295813067d0,Coca Cola
Gorgeous Iron Hat,6c2727f1-1777-4d3b-8c64-f6a08735c6a5,Apple
Awesome Copper Bottle,08b71014-bcee-466e-a39d-ada829c082f8,Logitech
Aerodynamic Cotton Bag,fd95c462-888e-4e37-b975-b7e6c33dab0c,Lenovo
Practical Linen Lamp,77e1aa3d-0ab0-456c-9b4a-40d8e00ef1a0,Acer
Awesome Silk Pants,,75e33573-52ce-4c20-afc9-5837020f870e,Acer
Durable Silk Bottle,471a65c3-5a9d-437b-aef1-b459c70514d5,Apple
Awesome Paper Shoes,b2619151-d912-4be8-a72a-f620616a6b23,Coca Cola
Durable Wooden Knife,a3e23cf5-6935-4cfb-b275-1014e51ca098,Lenovo
Heavy Duty Copper Wallet,50b51207-2fa9-4350-8567-4a12a0810aa9,Logitech
Heavy Duty Concrete Car,c9b703c7-9286-4d07-b7cc-7c6b20124355,Acer
Awesome Marble Coat,b09db63a-7492-4d63-a00a-bbcac10ea7a9,Staples
Ergonomic Wool Bag,ece5db5f-e5d7-49c8-89bf-2a49d75972b7,Logitech
Gorgeous Plastic Clock,6caaffba-de8a-438d-97a8-c25393a40e03,Lenovo
Fantastic Iron Computer,71322d15-8678-4d39-9ec7-d9505770e384,Lenovo
Awesome Copper Plate,7a3238a6-ee3c-46f6-aa91-84d8e51af58d,Acer
Synergistic Steel Watch,44af8331-7552-4228-a366-1bbe00b339af,Lenovo
Durable Plastic Shirt,deb79174-27bf-4655-b4f1-7c3676bdac1b,Lenovo
Intelligent Concrete Shirt,b4f1376b-6077-4b40-91eb-f11c1354b3ff,Motorola
Incredible Wool Chair,38c5bbf8-27f4-45d4-91df-fc4bd7f9bf89,Coca Cola
Aerodynamic Linen Bench,a7cf5176-afda-4c73-8e53-e51bdbe13dad,Staples
Awesome Paper Knife,2d5ce6d6-6baf-4cdb-abf6-97a7fff743e7,Acer
Durable Copper Hat,5146419e-bc4e-4dc9-b500-e5fbb152f605,Lenovo
Mediocre Rubber Pants,7325e4fc-67c4-4da2-81a4-ad409f93f99f,Acer
Awesome Paper Bench,0b033347-03e2-4dd7-a538-aae42ad2483d,Holmes
Enormous Rubber Keyboard,cf32ff42-cce3-4b48-b62b-0ae6e3048dce,Best Buy
Mediocre Linen Lamp,a1626dcc-5d9f-4ad9-b6a4-d4898392a3e7,Logitech
Practical Paper Watch,32a32a3f-f01d-418f-8bb2-b53f4cb04cac,Coca Cola
Gorgeous Plastic Coat,ae9a33a1-6d55-4859-a633-1e88b76570ff,Acer
Gorgeous Steel Hat,c10bf55f-853c-4a8f-bde8-24013c7ee62b,Motorola
Fantastic Paper Watch,f542efad-b307-484e-baf1-7c207bbd4cc5,Nike
Sleek Aluminum Computer,3cc8dbaa-460a-41e8-917c-1be2c87cda64,Motorola
Awesome Linen Wallet,e93cad11-1c17-4b84-b011-87a5767506cf,Holmes
Fantastic Plastic Coat,0cdf6ba7-153e-4fd1-abad-01753156beed,Logitech
Small Copper Shirt,b31212c7-8761-4e6f-9e3d-87b7a5a1a25d,Best Buy
Rustic Copper Table,22a35acc-1743-4999-a59d-cea1fbce9494,Holmes
Awesome Wooden Lamp,bb6b56ad-c16c-4971-a31a-b5ae379563b1,Logitech
Intelligent Concrete Bench,80bef27a-1126-4a0b-96cd-e56a3c097d23,Nike
Enormous Plastic Shoes,924d0b6a-f2f4-4170-8048-4dc4f5eba18d,Nike
Awesome Linen Keyboard,ebf54aef-e60c-49ed-a603-27390db64857,Acer
Heavy Duty Steel Clock,7b0caf12-7100-4521-adaf-031fbb5631f5,Apple
Gorgeous Linen Coat,4f676202-3561-411f-9189-dc6b6423e94e,Logitech
Practical Iron Shoes,3268923e-b16a-403b-94f4-f9931fd28be6,Logitech
Mediocre Silk Coat,d6c12bea-51c1-433b-9b91-40752c2d4001,Staples
Durable Aluminum Keyboard,851a02ec-ee47-452e-b0f2-350582838fb0,Motorola
Durable Wooden Hat,29ed3e01-94bc-483d-bac8-9f378c80c91d,Coca Cola
Durable Concrete Pants,9643f4c6-2a50-499c-814c-5848f3fa7950,Staples
Enormous Paper Car,c2f7a3b7-5fdc-45e1-aded-39e8b8026993,Holmes
Intelligent Wool Bag,bac6b082-c07f-405e-9599-788dc1d52eda,Holmes
Heavy Duty Copper Car,65d3ce98-5652-46ad-bbef-6afd8fe087ba,Motorola
Intelligent Leather Wallet,e51dc24c-4392-45fb-8d09-60ebf04160a4,Acer
Synergistic Marble Keyboard,8d4fbdb4-e907-478c-918a-f0eca5ee1160,Lenovo
Heavy Duty Granite Plate,f8f02288-983d-48f1-a90e-cdb6036e2943,Staples
Heavy Duty Plastic Shirt,58d24918-718a-4238-8727-800e269b35a5,Nike
Fantastic Copper Plate,8c4ae6bc-9f2e-4026-a6cf-6dd883deb29d,Best Buy
Mediocre Aluminum Gloves,b6fce89a-1b7b-47ff-8d0f-d5c4528dd189,Holmes
Gorgeous Granite Shoes,b243e646-abf7-4571-bfd9-705d24d4b907,Motorola
Practical Wooden Keyboard,02baefbc-f8b7-4740-b01b-db77f1f54d70,Best Buy
